stop_id;stop_name;stop_lat;stop_lon;transport_mode
par_4_1      ;PLAZA DE CASTILLA                 ;40.4669;-3.68917;metro               
acc_4_1_1    ;Plaza de Castilla                 ;40.46682;-3.68918;metro               
acc_4_1_1040 ;Ascensor                          ;40.46555;-3.68877;metro               
acc_4_1_1043 ;Intercambiador Superficie         ;40.46728;-3.68915;metro               
acc_4_1_1044 ;Ascensor                          ;40.46702;-3.68918;metro               
acc_4_1_4    ;Paseo Castellana pares            ;40.46546;-3.68891;metro               
acc_4_1_773  ;Intercambiador                    ;40.46621;-3.69028;metro               
par_4_10     ;TRIBUNAL                          ;40.42619;-3.7011;metro               
acc_4_10_1102;Barceló - Ascensor                ;40.4263;-3.70067;metro               
acc_4_10_35  ;Fuencarral                        ;40.4262;-3.70103;metro               
acc_4_10_36  ;Tribunal de Cuentas               ;40.42569;-3.70111;metro               
par_4_11     ;GRAN VIA                          ;40.42001;-3.7018;metro               
acc_4_11_1105;Montera - Ascensor                ;40.41986;-3.70158;metro               
acc_4_11_38  ;Gran Vía                          ;40.41992;-3.70183;metro               
acc_4_11_39  ;Fuencarral                        ;40.42013;-3.70181;metro               
par_4_12     ;SOL                               ;40.41688;-3.70326;metro               
acc_4_12_1034;Alcalá                            ;40.41707;-3.70296;metro               
acc_4_12_41  ;Carretas                          ;40.41665;-3.70353;metro               
acc_4_12_42  ;Carmen                            ;40.41714;-3.70329;metro               
acc_4_12_776 ;Ascensor                          ;40.41667;-3.70441;metro               
acc_4_12_777 ;Preciados                         ;40.41724;-3.70415;metro               
par_4_13     ;TIRSO DE MOLINA                   ;40.41235;-3.70466;metro               
par_4_14     ;ANTON MARTIN                      ;40.41246;-3.69937;metro               
acc_4_14_46  ;Amor de Dios                      ;40.4123;-3.69865;metro               
acc_4_14_49  ;Atocha impares                    ;40.41152;-3.69733;metro               
acc_4_14_50  ;Atocha pares                      ;40.41142;-3.69742;metro               
par_4_15     ;ESTACION DEL ARTE                 ;40.40885;-3.69249;metro               
acc_4_15_52  ;Ministerio                        ;40.40841;-3.69052;metro               
par_4_16     ;ATOCHA                            ;40.40659;-3.68938;metro               
acc_4_16_53  ;Alfonso XII                       ;40.40754;-3.68916;metro               
acc_4_16_54  ;Paseo Infanta Isabel              ;40.40701;-3.68818;metro               
par_4_17     ;MENENDEZ PELAYO                   ;40.40445;-3.68098;metro               
acc_4_17_57  ;Menéndez Pelayo impares           ;40.40443;-3.68067;metro               
acc_4_17_58  ;Menéndez Pelayo pares             ;40.40452;-3.68091;metro               
acc_4_17_59  ;Gutenberg                         ;40.40489;-3.68171;metro               
par_4_18     ;PACIFICO                          ;40.40126;-3.67514;metro               
acc_4_18_1050;Ascensor                          ;40.40157;-3.67428;metro               
acc_4_18_60  ;Doctor Esquerdo pares             ;40.40155;-3.67479;metro               
acc_4_18_61  ;Doctor Esquerdo impares           ;40.40147;-3.67438;metro               
acc_4_18_62  ;Sánchez Barcaíztegui              ;40.4023;-3.67615;metro               
par_4_19     ;PUENTE DE VALLECAS                ;40.39819;-3.66906;metro               
acc_4_19_63  ;Albufera pares                    ;40.39766;-3.66815;metro               
acc_4_19_64  ;Albufera impares                  ;40.3978;-3.66808;metro               
acc_4_19_65  ;Peña Prieta                       ;40.39851;-3.66897;metro               
par_4_2      ;VALDEACEDERAS                     ;40.46442;-3.69506;metro               
acc_4_2_5    ;Capitán Blanco Argibay            ;40.46409;-3.69577;metro               
par_4_20     ;NUEVA NUMANCIA                    ;40.39554;-3.66414;metro               
acc_4_20_66  ;Avenida de la Albufera pares (N)  ;40.39615;-3.66527;metro               
acc_4_20_67  ;Avenida de la Albufera impares (N);40.39626;-3.66517;metro               
acc_4_20_68  ;Avenida de la Albufera impares (S);40.39536;-3.66341;metro               
acc_4_20_69  ;Avenida de la Albufera pares (S)  ;40.39523;-3.66352;metro               
par_4_21     ;PORTAZGO                          ;40.39266;-3.65868;metro               
acc_4_21_1093;Ascensor 1                        ;40.39297;-3.65884;metro               
acc_4_21_1094;Ascensor 2                        ;40.3927;-3.65886;metro               
acc_4_21_70  ;Albufera pares                    ;40.3933;-3.65985;metro               
acc_4_21_73  ;Teniente Muñoz Díaz               ;40.39224;-3.65785;metro               
par_4_22     ;BUENOS AIRES                      ;40.39156;-3.65391;metro               
acc_4_22_74  ;Pío Felipe                        ;40.39172;-3.65401;metro               
par_4_23     ;ALTO DEL ARENAL                   ;40.38977;-3.64522;metro               
acc_4_23_76  ;Albufera impares                  ;40.39015;-3.64527;metro               
acc_4_23_77  ;Albufera pares                    ;40.38969;-3.64562;metro               
par_4_24     ;MIGUEL HERNANDEZ                  ;40.38732;-3.63951;metro               
acc_4_24_80  ;Albufera pares                    ;40.38686;-3.63959;metro               
acc_4_24_81  ;Aparcamiento                      ;40.38706;-3.6398;metro               
acc_4_24_82  ;Ascensor                          ;40.38737;-3.63971;metro               
par_4_25     ;SIERRA DE GUADALUPE               ;40.38216;-3.62472;metro               
acc_4_25_577 ;Acceso Glorieta RENFE             ;40.38196;-3.62453;metro               
acc_4_25_83  ;Avenida de la Democracia          ;40.38224;-3.62498;metro               
acc_4_25_84  ;Correspondencia RENFE             ;40.38208;-3.62467;metro               
acc_4_25_85  ;Ascensor exterior RENFE           ;40.38208;-3.62473;metro               
acc_4_25_86  ;Avda. de la Democracia - Arboleda ;40.3831;-3.62508;metro               
par_4_26     ;VILLA DE VALLECAS                 ;40.3796;-3.6213;metro               
acc_4_26_87  ;Pº Federico García Lorca          ;40.37933;-3.62105;metro               
acc_4_26_88  ;Sierra Vieja                      ;40.37978;-3.62187;metro               
acc_4_26_89  ;Ascensor                          ;40.37949;-3.62103;metro               
par_4_261    ;CHAMARTIN                         ;40.47203;-3.68259;metro               
acc_4_261_642;Ascensor                          ;40.47323;-3.68313;metro               
par_4_262    ;BAMBU                             ;40.47682;-3.67637;metro               
acc_4_262_643;Bambú                             ;40.47683;-3.67642;metro               
acc_4_262_644;Ascensor                          ;40.47705;-3.67684;metro               
par_4_263    ;PINAR DE CHAMARTIN                ;40.48014;-3.6668;metro               
par_4_27     ;CONGOSTO                          ;40.37238;-3.61884;metro               
acc_4_27_90  ;Congosto                          ;40.372;-3.61866;metro               
acc_4_27_91  ;Plaza de Congosto                 ;40.37233;-3.61867;metro               
acc_4_27_92  ;Ascensor                          ;40.37213;-3.61891;metro               
par_4_293    ;LA GAVIA                          ;40.37019;-3.61346;metro               
acc_4_293_713;Avda. Ensanche de Vallecas        ;40.37029;-3.61346;metro               
acc_4_293_714;Ascensor                          ;40.37025;-3.61337;metro               
par_4_294    ;LAS SUERTES                       ;40.36323;-3.59953;metro               
acc_4_294_715;Cañada del Santísimo              ;40.36317;-3.59958;metro               
par_4_295    ;VALDECARROS                       ;40.36007;-3.59316;metro               
acc_4_295_718;Ascensor                          ;40.36009;-3.59312;metro               
par_4_3      ;TETUAN                            ;40.46055;-3.69825;metro               
acc_4_3_7    ;Algodonales                       ;40.45982;-3.69929;metro               
acc_4_3_8    ;General Margallo                  ;40.46115;-3.69788;metro               
par_4_4      ;ESTRECHO                          ;40.45429;-3.70302;metro               
acc_4_4_10   ;Juan de Olías                     ;40.45367;-3.70283;metro               
acc_4_4_9    ;Navarra                           ;40.45363;-3.70309;metro               
par_4_5      ;ALVARADO                          ;40.45033;-3.70331;metro               
acc_4_5_13   ;Bravo Murillo impares             ;40.45026;-3.70361;metro               
acc_4_5_14   ;Bravo Murillo pares               ;40.45017;-3.70337;metro               
par_4_6      ;CUATRO CAMINOS                    ;40.44697;-3.70397;metro               
acc_4_6_15   ;Reina Victoria impares            ;40.44671;-3.70428;metro               
acc_4_6_16   ;Santa Engracia                    ;40.44652;-3.70362;metro               
acc_4_6_19   ;Maudes                            ;40.44534;-3.70258;metro               
acc_4_6_615  ;Ascensor exterior                 ;40.44624;-3.70375;metro               
par_4_7      ;RIOS ROSAS                        ;40.44198;-3.70133;metro               
acc_4_7_20   ;Ríos Rosas pares                  ;40.44189;-3.70113;metro               
acc_4_7_22   ;Sta. Engracia - Pza. Descubridor D;40.44052;-3.70127;metro               
par_4_8      ;IGLESIA                           ;40.43492;-3.69898;metro               
acc_4_8_24   ;Santa Engracia                    ;40.43475;-3.69853;metro               
acc_4_8_25   ;Sagunto                           ;40.43389;-3.6984;metro               
acc_4_8_27   ;Eloy Gonzalo impares              ;40.4349;-3.69932;metro               
par_4_9      ;BILBAO                            ;40.42906;-3.70218;metro               
acc_4_9_1101 ;Luchana - Ascensor                ;40.42904;-3.70166;metro               
acc_4_9_28   ;Fuencarral                        ;40.42926;-3.70193;metro               
acc_4_9_30   ;Manuela Malasaña                  ;40.42876;-3.70206;metro               
acc_4_9_31   ;Francisco de Rojas                ;40.43029;-3.70023;metro               
acc_4_9_33   ;Trafalgar                         ;40.43047;-3.70032;metro               
est_90_21    ;Intercambiador de Plaza de Castill;40.4669;-3.6892;metro               
est_90_25    ;Chamartín                         ;40.4721;-3.68269;metro               
est_90_54    ;Atocha-Renfe                      ;40.40659;-3.68944;metro               
est_90_58    ;Puerta del Sol                    ;40.41688;-3.70331;metro               
est_4_10     ;TRIBUNAL                          ;40.42619;-3.7011;metro               
est_4_11     ;GRAN VIA                          ;40.42001;-3.7018;metro               
est_4_13     ;TIRSO DE MOLINA                   ;40.41235;-3.70466;metro               
est_4_14     ;ANTON MARTIN                      ;40.41246;-3.69937;metro               
est_4_15     ;ESTACION DEL ARTE                 ;40.40885;-3.69249;metro               
est_4_17     ;MENENDEZ PELAYO                   ;40.40445;-3.68098;metro               
est_4_18     ;PACIFICO                          ;40.40126;-3.67514;metro               
est_4_19     ;PUENTE DE VALLECAS                ;40.39819;-3.66906;metro               
est_4_2      ;VALDEACEDERAS                     ;40.46442;-3.69506;metro               
est_4_20     ;NUEVA NUMANCIA                    ;40.39554;-3.66414;metro               
est_4_21     ;PORTAZGO                          ;40.39266;-3.65868;metro               
est_4_22     ;BUENOS AIRES                      ;40.39156;-3.65391;metro               
est_4_23     ;ALTO DEL ARENAL                   ;40.38977;-3.64522;metro               
est_4_24     ;MIGUEL HERNANDEZ                  ;40.38732;-3.63951;metro               
est_4_25     ;SIERRA DE GUADALUPE               ;40.38216;-3.62472;metro               
est_4_26     ;VILLA DE VALLECAS                 ;40.3796;-3.6213;metro               
est_4_262    ;BAMBU                             ;40.47682;-3.67637;metro               
est_4_263    ;PINAR DE CHAMARTIN                ;40.48014;-3.6668;metro               
est_4_27     ;CONGOSTO                          ;40.37238;-3.61884;metro               
est_4_293    ;LA GAVIA                          ;40.37019;-3.61346;metro               
est_4_294    ;LAS SUERTES                       ;40.36323;-3.59953;metro               
est_4_295    ;VALDECARROS                       ;40.36007;-3.59316;metro               
est_4_3      ;TETUAN                            ;40.46055;-3.69825;metro               
est_4_4      ;ESTRECHO                          ;40.45429;-3.70302;metro               
est_4_5      ;ALVARADO                          ;40.45033;-3.70331;metro               
est_4_6      ;CUATRO CAMINOS                    ;40.44697;-3.70397;metro               
est_4_7      ;RIOS ROSAS                        ;40.44198;-3.70133;metro               
est_4_8      ;IGLESIA                           ;40.43492;-3.69898;metro               
est_4_9      ;BILBAO                            ;40.42906;-3.70218;metro               
par_4_260    ;LA ELIPA                          ;40.42662;-3.65052;metro               
acc_4_260_640;Avda. Marqués de Corbera          ;40.42647;-3.65071;metro               
acc_4_260_641;Ascensor                          ;40.42651;-3.65042;metro               
par_4_28     ;VENTAS                            ;40.43088;-3.66366;metro               
acc_4_28_93  ;Plaza de Toros                    ;40.43104;-3.66329;metro               
acc_4_28_94  ;Plaza de Toros                    ;40.4312;-3.66338;metro               
par_4_29     ;MANUEL BECERRA                    ;40.4279;-3.66926;metro               
acc_4_29_96  ;Doctor Esquerdo                   ;40.42762;-3.66927;metro               
par_4_30     ;GOYA                              ;40.42455;-3.67591;metro               
acc_4_30_101 ;General Díaz Porlier              ;40.42478;-3.67758;metro               
acc_4_30_778 ;Ascensor ext nº4 a A2 L4          ;40.42494;-3.67662;metro               
acc_4_30_779 ;Ascensor ext nº5 a A2 L4          ;40.42495;-3.67666;metro               
acc_4_30_781 ;Ascensor ext nº3 a A1 L2          ;40.42422;-3.67615;metro               
acc_4_30_782 ;Ascensor exterior                 ;40.42441;-3.67734;metro               
acc_4_30_97  ;Conde de Peñalver pares           ;40.42499;-3.67556;metro               
acc_4_30_98  ;Conde de Peñalver impares         ;40.42508;-3.67581;metro               
acc_4_30_99  ;Felipe II pares                   ;40.4239;-3.67614;metro               
par_4_31     ;PRINCIPE DE VERGARA               ;40.42294;-3.68012;metro               
acc_4_31_103 ;Alcalá                            ;40.42308;-3.67976;metro               
acc_4_31_1104;Príncipe de Vergara - Ascensor 2  ;40.4233;-3.68041;metro               
par_4_32     ;RETIRO                            ;40.42031;-3.68624;metro               
acc_4_32_104 ;Lagasca                           ;40.42082;-3.68582;metro               
acc_4_32_105 ;Rampa                             ;40.42096;-3.68581;metro               
acc_4_32_107 ;Claudio Coello                    ;40.42044;-3.6871;metro               
par_4_322    ;LA ALMUDENA                       ;40.42361;-3.63914;metro               
acc_4_322_105;Arriaga                           ;40.42374;-3.63925;metro               
acc_4_322_105;Ascensor Exterior                 ;40.42358;-3.63909;metro               
par_4_323    ;ALSACIA                           ;40.41829;-3.62351;metro               
acc_4_323_106;Ascensor Exterior Nº1             ;40.41806;-3.62326;metro               
acc_4_323_106;Avenida de Guadalajara            ;40.41864;-3.62319;metro               
acc_4_323_106;Ascensor Exterior Nº 2            ;40.41861;-3.6234;metro               
par_4_324    ;AVENIDA DE GUADALAJARA            ;40.42239;-3.61206;metro               
acc_4_324_106;Dresde                            ;40.42233;-3.61196;metro               
acc_4_324_106;Ascensor Exterior                 ;40.42246;-3.61162;metro               
par_4_325    ;LAS ROSAS                         ;40.42375;-3.60331;metro               
acc_4_325_106;Paseo de Ginebra                  ;40.4239;-3.60366;metro               
par_4_33     ;BANCO DE ESPAÑA                   ;40.41922;-3.69497;metro               
acc_4_33_108 ;Palacio de Buenavista             ;40.41937;-3.69419;metro               
acc_4_33_109 ;Banco de España                   ;40.41895;-3.69451;metro               
acc_4_33_110 ;Marqués de Cubas                  ;40.41874;-3.69563;metro               
par_4_34     ;SEVILLA                           ;40.41805;-3.69925;metro               
acc_4_34_1097;Alcalá                            ;40.41807;-3.69913;metro               
par_4_35     ;SOL                               ;40.41685;-3.70326;metro               
par_4_36     ;OPERA                             ;40.41809;-3.70942;metro               
acc_4_36_1056;Campomanes                        ;40.41823;-3.70935;metro               
par_4_37     ;SANTO DOMINGO                     ;40.42132;-3.70796;metro               
acc_4_37_116 ;Santo Domingo                     ;40.42044;-3.7086;metro               
acc_4_37_117 ;Gran Vía                          ;40.4213;-3.70778;metro               
par_4_38     ;NOVICIADO                         ;40.42484;-3.70742;metro               
par_4_39     ;SAN BERNARDO                      ;40.43001;-3.70557;metro               
acc_4_39_120 ;Alberto Aguilera                  ;40.42988;-3.70604;metro               
acc_4_39_121 ;Carranza                          ;40.42967;-3.7053;metro               
par_4_40     ;QUEVEDO                           ;40.43322;-3.70433;metro               
acc_4_40_122 ;Arapiles                          ;40.43339;-3.70472;metro               
acc_4_40_123 ;Fuencarral                        ;40.43311;-3.70434;metro               
par_4_41     ;CANAL                             ;40.43841;-3.70433;metro               
acc_4_41_124 ;Bravo Murillo pares               ;40.43832;-3.70412;metro               
acc_4_41_125 ;Bravo Murillo impares             ;40.43825;-3.70434;metro               
acc_4_41_126 ;Ascensor                          ;40.43846;-3.70441;metro               
par_4_42     ;CUATRO CAMINOS                    ;40.44697;-3.70392;metro               
est_4_260    ;LA ELIPA                          ;40.42662;-3.65052;metro               
est_4_28     ;VENTAS                            ;40.43088;-3.66366;metro               
est_4_29     ;MANUEL BECERRA                    ;40.4279;-3.66926;metro               
est_4_30     ;GOYA                              ;40.42455;-3.67591;metro               
est_4_31     ;PRINCIPE DE VERGARA               ;40.42294;-3.68012;metro               
est_4_32     ;RETIRO                            ;40.42031;-3.68624;metro               
est_4_322    ;LA ALMUDENA                       ;40.42361;-3.63914;metro               
est_4_323    ;ALSACIA                           ;40.41829;-3.62351;metro               
est_4_324    ;AVENIDA DE GUADALAJARA            ;40.42239;-3.61206;metro               
est_4_325    ;LAS ROSAS                         ;40.42375;-3.60331;metro               
est_4_33     ;BANCO DE ESPAÑA                   ;40.41922;-3.69497;metro               
est_4_34     ;SEVILLA                           ;40.41805;-3.69925;metro               
est_4_36     ;OPERA                             ;40.41809;-3.70942;metro               
est_4_37     ;SANTO DOMINGO                     ;40.42132;-3.70796;metro               
est_4_39     ;SAN BERNARDO                      ;40.43001;-3.70557;metro               
est_4_40     ;QUEVEDO                           ;40.43322;-3.70433;metro               
est_4_41     ;CANAL                             ;40.43841;-3.70433;metro               
par_4_267    ;ALMENDRALES                       ;40.38409;-3.69788;metro               
acc_4_267_651;Avda. Córdoba impares             ;40.3842;-3.69788;metro               
acc_4_267_653;Ascensor                          ;40.38389;-3.69837;metro               
par_4_268    ;HOSPITAL 12 DE OCTUBRE            ;40.37503;-3.69585;metro               
acc_4_268_654;Glorieta de Málaga                ;40.37549;-3.69588;metro               
acc_4_268_655;Ascensor                          ;40.37521;-3.69575;metro               
par_4_269    ;SAN FERMIN-ORCASUR                ;40.36999;-3.69418;metro               
acc_4_269_657;Avda. Andalucia pares             ;40.36988;-3.69462;metro               
par_4_270    ;CIUDAD DE LOS ANGELES             ;40.35959;-3.69363;metro               
acc_4_270_659;Tertulia                          ;40.35954;-3.69295;metro               
acc_4_270_660;Paseo Gigantes y Cabezudos        ;40.36005;-3.69367;metro               
acc_4_270_661;Ascensor                          ;40.35973;-3.69366;metro               
par_4_271    ;VILLAVERDE BAJO CRUCE             ;40.35089;-3.69265;metro               
acc_4_271_662;Santiago Amón                     ;40.35057;-3.69335;metro               
acc_4_271_663;Santa Petronila                   ;40.35109;-3.69256;metro               
par_4_272    ;SAN CRISTOBAL                     ;40.34154;-3.69318;metro               
acc_4_272_665;Moncada                           ;40.34112;-3.69249;metro               
acc_4_272_667;Ascensor                          ;40.34145;-3.69248;metro               
par_4_273    ;VILLAVERDE ALTO                   ;40.34123;-3.71199;metro               
acc_4_273_670;Ascensor                          ;40.34104;-3.71278;metro               
acc_4_38_118 ;Ministerio de Justicia            ;40.4242;-3.70746;metro               
par_4_43     ;LEGAZPI                           ;40.39116;-3.69511;metro               
acc_4_43_127 ;Plaza de Legazpi                  ;40.39159;-3.69484;metro               
acc_4_43_128 ;Beata María Ana de Jesús          ;40.39328;-3.69493;metro               
acc_4_43_783 ;Plaza de Legazpi esquina Bolivar  ;40.39139;-3.69454;metro               
acc_4_43_784 ;Ascensor                          ;40.39147;-3.69463;metro               
par_4_44     ;DELICIAS                          ;40.3999;-3.6942;metro               
acc_4_44_129 ;Cáceres                           ;40.39861;-3.69433;metro               
acc_4_44_130 ;Ciudad Real                       ;40.39978;-3.6942;metro               
acc_4_44_785 ;Pº de las Delicias impares        ;40.40024;-3.6939;metro               
par_4_45     ;PALOS DE LA FRONTERA              ;40.40307;-3.69423;metro               
acc_4_45_131 ;Paseo de las Delicias             ;40.40293;-3.69396;metro               
acc_4_45_787 ;Palos de la Frontera impares      ;40.40316;-3.6944;metro               
acc_4_45_788 ;Ascensor                          ;40.40314;-3.69414;metro               
par_4_46     ;EMBAJADORES                       ;40.40513;-3.70268;metro               
acc_4_46_136 ;Embajadores                       ;40.40459;-3.70251;metro               
acc_4_46_789 ;Ascensor                          ;40.40467;-3.7029;metro               
par_4_47     ;LAVAPIES                          ;40.40851;-3.7009;metro               
par_4_48     ;SOL                               ;40.41682;-3.70326;metro               
par_4_49     ;CALLAO                            ;40.42014;-3.70566;metro               
acc_4_49_139 ;Centro Comercial                  ;40.41971;-3.70549;metro               
acc_4_49_140 ;Plaza de Callao                   ;40.42002;-3.70581;metro               
acc_4_49_141 ;Gran Vía                          ;40.42014;-3.70524;metro               
acc_4_49_142 ;Palacio de la Prensa              ;40.42049;-3.70607;metro               
acc_4_49_792 ;Jacometrezo                       ;40.42009;-3.70613;metro               
acc_4_49_793 ;Ascensor                          ;40.4201;-3.70614;metro               
acc_4_49_794 ;Ascensor                          ;40.42013;-3.7058;metro               
par_4_50     ;PLAZA DE ESPAÑA                   ;40.42342;-3.7112;metro               
acc_4_50_143 ;Leganitos                         ;40.42319;-3.71097;metro               
acc_4_50_145 ;Plaza de España                   ;40.42415;-3.71196;metro               
acc_4_50_146 ;Reyes                             ;40.42364;-3.71067;metro               
acc_4_50_148 ;Ascensor                          ;40.42435;-3.70925;metro               
acc_4_50_149 ;Ascensor                          ;40.42435;-3.70924;metro               
acc_4_50_795 ;Ascensor                          ;40.42414;-3.71182;metro               
par_4_51     ;VENTURA RODRIGUEZ                 ;40.42709;-3.71341;metro               
acc_4_51_150 ;Princesa impares                  ;40.42697;-3.71375;metro               
acc_4_51_618 ;Princesa pares                    ;40.42718;-3.71358;metro               
par_4_52     ;ARGÜELLES                         ;40.43066;-3.71596;metro               
acc_4_52_1099;Guzmán el Bueno - Ascensor        ;40.43056;-3.71442;metro               
acc_4_52_152 ;Alberto Aguilera                  ;40.43068;-3.71559;metro               
acc_4_52_153 ;Altamirano                        ;40.43138;-3.71692;metro               
acc_4_52_154 ;Guzmán el Bueno                   ;40.43056;-3.71435;metro               
acc_4_52_797 ;Alberto Aguilera - Ascensor       ;40.43068;-3.71556;metro               
par_4_53     ;MONCLOA                           ;40.43502;-3.71945;metro               
acc_4_53_155 ;Acceso Intercambiador Ejercito del;40.43473;-3.71961;metro               
acc_4_53_156 ;Princesa                          ;40.43469;-3.71897;metro               
acc_4_53_157 ;Ascensor exterior intercambiador  ;40.4347;-3.71949;metro               
acc_4_53_579 ;Edificio de acceso intercambiador ;40.4351;-3.71924;metro               
acc_4_53_798 ;Arcipreste de Hita                ;40.43364;-3.71782;metro               
acc_4_53_807 ;Intercambiador E. del Aire        ;40.43381;-3.71893;metro               
acc_4_92_251 ;Pº Esperanza                      ;40.40376;-3.70656;metro               
est_90_14    ;Intercambiador de Moncloa         ;40.43523;-3.71919;metro               
est_4_267    ;ALMENDRALES                       ;40.38409;-3.69788;metro               
est_4_268    ;HOSPITAL 12 DE OCTUBRE            ;40.37503;-3.69585;metro               
est_4_269    ;SAN FERMIN-ORCASUR                ;40.36999;-3.69418;metro               
est_4_270    ;CIUDAD DE LOS ANGELES             ;40.35959;-3.69363;metro               
est_4_271    ;VILLAVERDE BAJO CRUCE             ;40.35089;-3.69265;metro               
est_4_272    ;SAN CRISTOBAL                     ;40.34154;-3.69318;metro               
est_4_273    ;VILLAVERDE ALTO                   ;40.34123;-3.71199;metro               
est_4_43     ;LEGAZPI                           ;40.39116;-3.69511;metro               
est_4_44     ;DELICIAS                          ;40.3999;-3.6942;metro               
est_4_45     ;PALOS DE LA FRONTERA              ;40.40307;-3.69423;metro               
est_4_46     ;EMBAJADORES                       ;40.40513;-3.70268;metro               
est_4_47     ;LAVAPIES                          ;40.40851;-3.7009;metro               
est_4_49     ;CALLAO                            ;40.42014;-3.70566;metro               
est_4_50     ;PLAZA DE ESPAÑA                   ;40.42342;-3.7112;metro               
est_4_51     ;VENTURA RODRIGUEZ                 ;40.42709;-3.71341;metro               
est_4_52     ;ARGÜELLES                         ;40.43066;-3.71596;metro               
par_4_264    ;HORTALEZA                         ;40.47537;-3.65257;metro               
acc_4_264_647;Capitán Cortés                    ;40.47488;-3.65234;metro               
acc_4_264_648;Costa del Sol                     ;40.4742;-3.65204;metro               
par_4_265    ;MANOTERAS                         ;40.47687;-3.6629;metro               
acc_4_265_649;Vélez Rubio                       ;40.47684;-3.66285;metro               
acc_4_265_650;Ascensor                          ;40.47684;-3.66285;metro               
par_4_266    ;PINAR DE CHAMARTIN                ;40.48014;-3.66676;metro               
par_4_54     ;ARGÜELLES                         ;40.4306;-3.71596;metro               
par_4_55     ;SAN BERNARDO                      ;40.42966;-3.70567;metro               
par_4_56     ;BILBAO                            ;40.42885;-3.70114;metro               
par_4_57     ;ALONSO MARTINEZ                   ;40.42772;-3.69594;metro               
acc_4_57_160 ;Santa Bárbara                     ;40.42744;-3.69593;metro               
acc_4_57_161 ;Génova pares                      ;40.42738;-3.69544;metro               
acc_4_57_162 ;Santa Engracia                    ;40.42803;-3.6956;metro               
acc_4_57_163 ;Hermanos Álvarez Quintero         ;40.42784;-3.69707;metro               
par_4_58     ;COLON                             ;40.42542;-3.69101;metro               
acc_4_58_164 ;Génova impares                    ;40.42573;-3.69167;metro               
acc_4_58_165 ;Génova pares                      ;40.4254;-3.69167;metro               
par_4_59     ;SERRANO                           ;40.42543;-3.68663;metro               
acc_4_59_168 ;Goya pares                        ;40.42528;-3.6876;metro               
acc_4_59_169 ;Goya impares                      ;40.4254;-3.68608;metro               
par_4_60     ;VELAZQUEZ                         ;40.42503;-3.68292;metro               
acc_4_60_171 ;Goya impares                      ;40.42525;-3.68331;metro               
acc_4_60_172 ;Goya pares                        ;40.42507;-3.68345;metro               
par_4_61     ;GOYA                              ;40.42481;-3.67685;metro               
par_4_62     ;LISTA                             ;40.42917;-3.67541;metro               
acc_4_62_175 ;Conde de Peñalver                 ;40.42971;-3.67542;metro               
acc_4_62_176 ;Conde de Peñalver                 ;40.42856;-3.67554;metro               
par_4_63     ;DIEGO DE LEON                     ;40.43468;-3.67495;metro               
acc_4_63_178 ;Francisco Silvela impares         ;40.43481;-3.67501;metro               
acc_4_63_179 ;Francisco Silvela pares           ;40.435;-3.67452;metro               
acc_4_63_180 ;Francisco Silvela pares           ;40.43405;-3.6748;metro               
acc_4_63_234 ;Juan Bravo - Conde Peñalver       ;40.43241;-3.6749;metro               
acc_4_63_236 ;Francisco Silvela pares           ;40.43261;-3.67237;metro               
acc_4_63_237 ;Francisco Silvela pares           ;40.43319;-3.67284;metro               
acc_4_63_238 ;Alcántara                         ;40.4332;-3.67332;metro               
par_4_64     ;AVENIDA DE AMERICA                ;40.43803;-3.67664;metro               
acc_4_64_181 ;Avda. América impares             ;40.43781;-3.6772;metro               
acc_4_64_182 ;Avda. América pares               ;40.43766;-3.67664;metro               
acc_4_64_184 ;Ascensor exterior intercambiador  ;40.43778;-3.67705;metro               
acc_4_64_185 ;Pedro Valdivia                    ;40.43876;-3.6794;metro               
par_4_65     ;PROSPERIDAD                       ;40.44419;-3.67482;metro               
acc_4_65_186 ;Plaza Prosperidad                 ;40.44428;-3.67474;metro               
par_4_66     ;ALFONSO XIII                      ;40.44825;-3.66791;metro               
par_4_67     ;AVENIDA DE LA PAZ                 ;40.45354;-3.66118;metro               
acc_4_67_188 ;Ramón y Cajal pares               ;40.45325;-3.66197;metro               
acc_4_67_189 ;Avenida de la Paz                 ;40.45264;-3.66372;metro               
par_4_68     ;ARTURO SORIA                      ;40.45583;-3.65618;metro               
acc_4_68_191 ;Ulises                            ;40.45604;-3.65617;metro               
acc_4_68_192 ;Arturo Soria                      ;40.45565;-3.65603;metro               
acc_4_68_194 ;Ulises impares                    ;40.45687;-3.65457;metro               
par_4_69     ;ESPERANZA                         ;40.45945;-3.64582;metro               
acc_4_69_195 ;Andorra                           ;40.45957;-3.64586;metro               
par_4_70     ;CANILLAS                          ;40.46381;-3.6356;metro               
acc_4_70_196 ;Avda. Machupichu impares          ;40.46377;-3.6356;metro               
acc_4_70_198 ;Montalbos                         ;40.46461;-3.63575;metro               
acc_4_70_199 ;Mota del Cuervo                   ;40.46512;-3.63541;metro               
acc_4_70_200 ;Ascensor                          ;40.46371;-3.63559;metro               
par_4_71     ;MAR DE CRISTAL                    ;40.46943;-3.63832;metro               
acc_4_71_201 ;Arequipa                          ;40.4689;-3.63833;metro               
acc_4_71_202 ;Gta. Mar de Cristal               ;40.46944;-3.63888;metro               
acc_4_71_204 ;Ascensor                          ;40.46939;-3.63888;metro               
par_4_72     ;SAN LORENZO                       ;40.47447;-3.63958;metro               
acc_4_72_205 ;Avda. Barranquilla impares        ;40.47451;-3.63957;metro               
acc_4_72_206 ;Avda. Barranquilla pares          ;40.47454;-3.63939;metro               
acc_4_72_207 ;Ascensor                          ;40.4743;-3.63942;metro               
par_4_73     ;PARQUE DE SANTA MARIA             ;40.47711;-3.64524;metro               
acc_4_73_208 ;Santa Virgilia                    ;40.47713;-3.64552;metro               
acc_4_73_209 ;Los Arcos                         ;40.47729;-3.64517;metro               
acc_4_73_210 ;Ascensor                          ;40.47697;-3.64497;metro               
est_90_4     ;Intercambiador de Avenida de Améri;40.43803;-3.67669;metro               
est_4_264    ;HORTALEZA                         ;40.47537;-3.65257;metro               
est_4_265    ;MANOTERAS                         ;40.47687;-3.6629;metro               
est_4_57     ;ALONSO MARTINEZ                   ;40.42772;-3.69594;metro               
est_4_58     ;COLON                             ;40.42542;-3.69101;metro               
est_4_59     ;SERRANO                           ;40.42543;-3.68663;metro               
est_4_60     ;VELAZQUEZ                         ;40.42503;-3.68292;metro               
est_4_62     ;LISTA                             ;40.42917;-3.67541;metro               
est_4_63     ;DIEGO DE LEON                     ;40.43468;-3.67495;metro               
est_4_65     ;PROSPERIDAD                       ;40.44419;-3.67482;metro               
est_4_66     ;ALFONSO XIII                      ;40.44825;-3.66791;metro               
est_4_67     ;AVENIDA DE LA PAZ                 ;40.45354;-3.66118;metro               
est_4_68     ;ARTURO SORIA                      ;40.45583;-3.65618;metro               
est_4_69     ;ESPERANZA                         ;40.45945;-3.64582;metro               
est_4_70     ;CANILLAS                          ;40.46381;-3.6356;metro               
est_4_71     ;MAR DE CRISTAL                    ;40.46943;-3.63832;metro               
est_4_72     ;SAN LORENZO                       ;40.47447;-3.63958;metro               
est_4_73     ;PARQUE DE SANTA MARIA             ;40.47711;-3.64524;metro               
par_4_100    ;ALUCHE                            ;40.38563;-3.7608;metro               
acc_4_100_272;Maqueda                           ;40.38597;-3.76088;metro               
acc_4_100_273;Acceso RENFE                      ;40.38576;-3.7612;metro               
acc_4_100_274;Maqueda                           ;40.38595;-3.76085;metro               
par_4_101    ;EMPALME                           ;40.39057;-3.76535;metro               
par_4_102    ;CAMPAMENTO                        ;40.39481;-3.76813;metro               
acc_4_102_280;Padre Piquer impares              ;40.39469;-3.7681;metro               
par_4_103    ;CASA DE CAMPO                     ;40.40324;-3.76101;metro               
acc_4_103_281;Camino de Campamento s/n          ;40.40318;-3.7609;metro               
par_4_252    ;ALAMEDA DE OSUNA                  ;40.45779;-3.58752;metro               
acc_4_252_623;Corbeta                           ;40.45739;-3.5881;metro               
acc_4_252_624;Ascensor                          ;40.45753;-3.58775;metro               
par_4_253    ;EL CAPRICHO                       ;40.45347;-3.59401;metro               
acc_4_253_625;Velero                            ;40.45294;-3.59494;metro               
acc_4_253_626;Ascensor                          ;40.45331;-3.59438;metro               
par_4_74     ;CANILLEJAS                        ;40.44942;-3.60816;metro               
acc_4_74_211 ;Alcalá impares                    ;40.44949;-3.60808;metro               
acc_4_74_212 ;Alcalá pares                      ;40.44909;-3.60814;metro               
par_4_75     ;TORRE ARIAS                       ;40.44374;-3.61699;metro               
acc_4_75_213 ;Alcalá impares                    ;40.44373;-3.61712;metro               
acc_4_75_214 ;Alcalá pares                      ;40.44357;-3.617;metro               
par_4_76     ;SUANZES                           ;40.44085;-3.62684;metro               
acc_4_76_215 ;Alcalá pares                      ;40.44075;-3.6272;metro               
par_4_77     ;CIUDAD LINEAL                     ;40.43805;-3.63816;metro               
acc_4_77_217 ;Hnos. García Noblejas             ;40.43758;-3.63806;metro               
acc_4_77_219 ;Arturo Soria                      ;40.43819;-3.63802;metro               
par_4_78     ;PUEBLO NUEVO                      ;40.43569;-3.64282;metro               
acc_4_78_222 ;Emilio Ferrari                    ;40.4351;-3.64389;metro               
acc_4_78_223 ;Doctor Vallejo                    ;40.43608;-3.64215;metro               
acc_4_78_224 ;Vicente Espinel                   ;40.43607;-3.64181;metro               
acc_4_78_225 ;Campuzano                         ;40.43593;-3.64211;metro               
par_4_79     ;QUINTANA                          ;40.43358;-3.64736;metro               
acc_4_79_226 ;Hnos. Machado                     ;40.4329;-3.64916;metro               
acc_4_79_227 ;Argentina                         ;40.43307;-3.64911;metro               
acc_4_79_228 ;Ezequiel Solana                   ;40.43358;-3.64696;metro               
acc_4_79_229 ;Virgen del Sagrario               ;40.43368;-3.64754;metro               
par_4_80     ;EL CARMEN                         ;40.43189;-3.65757;metro               
acc_4_80_231 ;Alcalde López Casero              ;40.43244;-3.65538;metro               
acc_4_80_232 ;Hnos. Fdez. Lanseros              ;40.43176;-3.65739;metro               
par_4_81     ;VENTAS                            ;40.43088;-3.66361;metro               
par_4_82     ;DIEGO DE LEON                     ;40.43235;-3.67426;metro               
par_4_83     ;NUÑEZ DE BALBOA                   ;40.43278;-3.68258;metro               
acc_4_83_239 ;Velázquez                         ;40.43281;-3.68313;metro               
acc_4_83_240 ;Núñez de Balboa                   ;40.43277;-3.6823;metro               
par_4_84     ;RUBEN DARIO                       ;40.43316;-3.68954;metro               
acc_4_84_243 ;Almagro                           ;40.43276;-3.69097;metro               
par_4_85     ;ALONSO MARTINEZ                   ;40.42828;-3.69502;metro               
par_4_86     ;CHUECA                            ;40.42293;-3.69762;metro               
acc_4_86_246 ;Plaza de Chueca                   ;40.42263;-3.69767;metro               
par_4_87     ;GRAN VIA                          ;40.41999;-3.7018;metro               
par_4_88     ;CALLAO                            ;40.42008;-3.70566;metro               
par_4_89     ;OPERA                             ;40.41809;-3.70935;metro               
par_4_90     ;LA LATINA                         ;40.41128;-3.70816;metro               
acc_4_90_247 ;San Francisco                     ;40.41108;-3.70868;metro               
acc_4_90_248 ;San Millán                        ;40.41113;-3.70813;metro               
acc_4_90_249 ;Toledo                            ;40.41166;-3.70821;metro               
par_4_91     ;PUERTA DE TOLEDO                  ;40.40704;-3.71105;metro               
acc_4_91_250 ;Puerta de Toledo                  ;40.40681;-3.71087;metro               
par_4_92     ;ACACIAS                           ;40.40387;-3.70664;metro               
par_4_93     ;PIRAMIDES                         ;40.4026;-3.71138;metro               
acc_4_93_252 ;Pº de las Acacias pares           ;40.40157;-3.71285;metro               
acc_4_93_253 ;Pº de las Acacias impares         ;40.40143;-3.71269;metro               
acc_4_93_255 ;Acceso RENFE                      ;40.40258;-3.71136;metro               
par_4_94     ;MARQUES DE VADILLO                ;40.39736;-3.71596;metro               
acc_4_94_257 ;Antonio Leyva                     ;40.3973;-3.71607;metro               
acc_4_94_258 ;Avda. Emperatriz Isabel           ;40.39766;-3.71638;metro               
par_4_95     ;URGEL                             ;40.39335;-3.7236;metro               
acc_4_95_259 ;Toboso                            ;40.39265;-3.72533;metro               
acc_4_95_260 ;San Patricio                      ;40.39365;-3.7231;metro               
acc_4_95_262 ;Peñafiel                          ;40.39353;-3.7237;metro               
par_4_96     ;OPORTO                            ;40.38846;-3.73132;metro               
acc_4_96_263 ;Valle de Oro                      ;40.38844;-3.73127;metro               
acc_4_96_264 ;Oca                               ;40.38865;-3.73171;metro               
acc_4_96_266 ;General Ricardos impares          ;40.38975;-3.72973;metro               
par_4_97     ;VISTA ALEGRE                      ;40.38885;-3.73982;metro               
acc_4_97_267 ;Pinzón                            ;40.38869;-3.73993;metro               
acc_4_97_268 ;Oca                               ;40.38929;-3.73754;metro               
par_4_98     ;CARABANCHEL                       ;40.38783;-3.74487;metro               
par_4_99     ;EUGENIA DE MONTIJO                ;40.38439;-3.75121;metro               
acc_4_99_270 ;Ntra. Sra. de la Luz              ;40.38476;-3.75058;metro               
est_90_1     ;Aluche                            ;40.38563;-3.76085;metro               
est_4_101    ;EMPALME                           ;40.39057;-3.76535;metro               
est_4_102    ;CAMPAMENTO                        ;40.39481;-3.76813;metro               
est_4_103    ;CASA DE CAMPO                     ;40.40324;-3.76101;metro               
est_4_252    ;ALAMEDA DE OSUNA                  ;40.45779;-3.58752;metro               
est_4_253    ;EL CAPRICHO                       ;40.45347;-3.59401;metro               
est_4_74     ;CANILLEJAS                        ;40.44942;-3.60816;metro               
est_4_75     ;TORRE ARIAS                       ;40.44374;-3.61699;metro               
est_4_76     ;SUANZES                           ;40.44085;-3.62684;metro               
est_4_77     ;CIUDAD LINEAL                     ;40.43805;-3.63816;metro               
est_4_78     ;PUEBLO NUEVO                      ;40.43569;-3.64282;metro               
est_4_79     ;QUINTANA                          ;40.43358;-3.64736;metro               
est_4_80     ;EL CARMEN                         ;40.43189;-3.65757;metro               
est_4_83     ;NUÑEZ DE BALBOA                   ;40.43278;-3.68258;metro               
est_4_84     ;RUBEN DARIO                       ;40.43316;-3.68954;metro               
est_4_86     ;CHUECA                            ;40.42293;-3.69762;metro               
est_4_90     ;LA LATINA                         ;40.41128;-3.70816;metro               
est_4_91     ;PUERTA DE TOLEDO                  ;40.40704;-3.71105;metro               
est_4_93     ;PIRAMIDES                         ;40.4026;-3.71138;metro               
est_4_94     ;MARQUES DE VADILLO                ;40.39736;-3.71596;metro               
est_4_95     ;URGEL                             ;40.39335;-3.7236;metro               
est_4_96     ;OPORTO                            ;40.38846;-3.73132;metro               
est_4_97     ;VISTA ALEGRE                      ;40.38885;-3.73982;metro               
est_4_98     ;CARABANCHEL                       ;40.38783;-3.74487;metro               
est_4_99     ;EUGENIA DE MONTIJO                ;40.38439;-3.75121;metro               
par_4_104    ;LAGUNA                            ;40.39923;-3.74429;metro               
acc_4_104_102;Ascensor nº1                      ;40.39918;-3.74464;metro               
par_4_105    ;CARPETANA                         ;40.3927;-3.74099;metro               
acc_4_105_103;Ascensor exterior nº1             ;40.39278;-3.74097;metro               
acc_4_105_103;Nuestra Señora de Valvanera - via ;40.39332;-3.74058;metro               
acc_4_105_103;Ascensor exterior nº2             ;40.39322;-3.74069;metro               
acc_4_105_286;Vía Carpetana                     ;40.39277;-3.74134;metro               
par_4_106    ;OPORTO                            ;40.38847;-3.73126;metro               
par_4_107    ;OPAÑEL                            ;40.3869;-3.72313;metro               
acc_4_107_287;Portalegre pares                  ;40.38635;-3.72348;metro               
acc_4_107_288;Portalegre impares                ;40.38584;-3.72337;metro               
par_4_108    ;PLAZA ELIPTICA                    ;40.3846;-3.71837;metro               
acc_4_108_110;Marcelo Usera - Ascensor          ;40.38538;-3.7169;metro               
acc_4_108_290;Plaza Elíptica                    ;40.38561;-3.71776;metro               
acc_4_108_291;Plaza Elíptica - Ascensor         ;40.38536;-3.71815;metro               
acc_4_108_292;Marcelo Usera pares               ;40.38529;-3.71618;metro               
par_4_109    ;USERA                             ;40.3871;-3.7069;metro               
acc_4_109_295;Mirasierra                        ;40.38822;-3.70374;metro               
par_4_110    ;LEGAZPI                           ;40.39116;-3.69505;metro               
par_4_111    ;MENDEZ ALVARO                     ;40.39538;-3.67814;metro               
acc_4_111_297;Méndez Alvaro pares               ;40.39594;-3.68087;metro               
par_4_112    ;PACIFICO                          ;40.40207;-3.67386;metro               
par_4_113    ;CONDE DE CASAL                    ;40.40697;-3.67041;metro               
acc_4_113_301;Doctor Esquerdo                   ;40.40707;-3.66999;metro               
acc_4_113_304;Doctor Esquerdo pares             ;40.4087;-3.67022;metro               
acc_4_113_801;Ascensor                          ;40.40701;-3.67071;metro               
par_4_114    ;SAINZ DE BARANDA                  ;40.41507;-3.66951;metro               
acc_4_114_103;Ascensor exterior 1               ;40.41461;-3.66974;metro               
acc_4_114_103;Ascensor exterior 2               ;40.41457;-3.66974;metro               
acc_4_114_307;Moneda impares                    ;40.41469;-3.66929;metro               
acc_4_114_308;Moneda pares                      ;40.41479;-3.66973;metro               
par_4_115    ;ODONNELL                          ;40.42289;-3.6686;metro               
acc_4_115_309;O´Donnell                         ;40.4215;-3.66917;metro               
acc_4_115_310;Casa de la Moneda                 ;40.42266;-3.6691;metro               
acc_4_115_312;J. Juan / Dr. Esquerdo impares    ;40.42282;-3.66859;metro               
par_4_116    ;MANUEL BECERRA                    ;40.4279;-3.66921;metro               
par_4_117    ;DIEGO DE LEON                     ;40.43295;-3.67294;metro               
par_4_118    ;AVENIDA DE AMERICA                ;40.43804;-3.67658;metro               
par_4_119    ;REPUBLICA ARGENTINA               ;40.44379;-3.68406;metro               
acc_4_119_313;República Argentina               ;40.44495;-3.68488;metro               
acc_4_119_314;Joaquín Costa impares             ;40.44369;-3.6837;metro               
acc_4_119_315;Joaquín Costa pares               ;40.44336;-3.68394;metro               
par_4_120    ;NUEVOS MINISTERIOS                ;40.44662;-3.69241;metro               
acc_4_120_317;Orense                            ;40.44707;-3.69538;metro               
acc_4_120_318;Agustín de Bethancourt            ;40.4461;-3.69524;metro               
acc_4_120_319;Centro Comercial                  ;40.44695;-3.69314;metro               
acc_4_120_322;Ascensor nº2                      ;40.44656;-3.69301;metro               
acc_4_120_395;Pº de la Castellana impares       ;40.44592;-3.6917;metro               
acc_4_120_396;Pº de la Castellana pares         ;40.44583;-3.69073;metro               
acc_4_120_397;Pº de la Castellana impares (Bulev;40.44662;-3.69153;metro               
acc_4_120_398;Pº de la Castellana pares (Factura;40.44437;-3.69094;metro               
acc_4_120_403;Edificio acceso RENFE - Raimundo F;40.44483;-3.69175;metro               
acc_4_120_404;Ascensor nº5                      ;40.44652;-3.69155;metro               
acc_4_120_405;Ascensor nº6                      ;40.44457;-3.69091;metro               
acc_4_120_406;Ascensor exterior RENFE - Arcadas ;40.44657;-3.6921;metro               
acc_4_120_605;Edificio acceso RENFE - Raimundo F;40.44624;-3.69368;metro               
acc_4_120_607;Ascensor exterior RENFE 2 - Raimun;40.44619;-3.69371;metro               
acc_4_120_608;Ascensor exterior RENFE 1 - Raimun;40.44517;-3.69199;metro               
par_4_121    ;CUATRO CAMINOS                    ;40.44697;-3.70387;metro               
par_4_122    ;GUZMAN EL BUENO                   ;40.44637;-3.71229;metro               
acc_4_122_323;General Rodrigo                   ;40.4457;-3.71401;metro               
acc_4_122_324;Reina Victoria impares - G. el Bue;40.44598;-3.71321;metro               
acc_4_122_326;Los Vascos                        ;40.44707;-3.71023;metro               
acc_4_122_327;Reina Victoria pares              ;40.44717;-3.70979;metro               
par_4_123    ;VICENTE ALEIXANDRE                ;40.44644;-3.71943;metro               
acc_4_123_328;Gregorio del Amo                  ;40.44619;-3.72003;metro               
par_4_124    ;CIUDAD UNIVERSITARIA              ;40.44356;-3.72678;metro               
acc_4_124_330;Facultades                        ;40.44359;-3.72658;metro               
acc_4_124_331;Avda. Complutense                 ;40.44356;-3.72697;metro               
acc_4_124_332;Ascensor                          ;40.44363;-3.72687;metro               
par_4_125    ;MONCLOA                           ;40.43497;-3.71945;metro               
par_4_126    ;ARGÜELLES                         ;40.43053;-3.71596;metro               
par_4_127    ;PRINCIPE PIO                      ;40.42107;-3.72032;metro               
acc_4_127_333;Correspondencia RENFE             ;40.42141;-3.71859;metro               
acc_4_127_334;Intercambiador                    ;40.42093;-3.72045;metro               
acc_4_127_336;Correspondencia RENFE             ;40.42153;-3.71873;metro               
acc_4_127_610;Arcadas                           ;40.42055;-3.71968;metro               
acc_4_127_612;Centro Comercial                  ;40.42084;-3.71892;metro               
acc_4_127_613;Ascensor                          ;40.42081;-3.72012;metro               
par_4_128    ;PUERTA DEL ANGEL                  ;40.4139;-3.72724;metro               
acc_4_128_340;Caramuel                          ;40.41368;-3.72706;metro               
par_4_129    ;ALTO DE EXTREMADURA               ;40.40993;-3.73894;metro               
acc_4_129_341;Pza. Alto de Extremadura          ;40.40992;-3.73905;metro               
par_4_130    ;LUCERO                            ;40.4051;-3.74534;metro               
acc_4_130_343;Cebreros                          ;40.40477;-3.74562;metro               
acc_4_130_344;Higueras                          ;40.40486;-3.74505;metro               
acc_4_130_345;Ascensor                          ;40.40477;-3.74553;metro               
par_4_259    ;ARGANZUELA-PLANETARIO             ;40.3931;-3.68864;metro               
acc_4_259_639;Bronce                            ;40.39304;-3.6885;metro               
est_90_13    ;Méndez Álvaro Estación Sur        ;40.39538;-3.67819;metro               
est_90_18    ;Intercambiador de Príncipe Pío    ;40.42107;-3.72037;metro               
est_90_36    ;Intercambiador de Plaza Elíptica  ;40.3846;-3.71848;metro               
est_90_71    ;Nuevos Ministerios                ;40.44662;-3.69246;metro               
est_4_104    ;LAGUNA                            ;40.39923;-3.74429;metro               
est_4_105    ;CARPETANA                         ;40.3927;-3.74099;metro               
est_4_107    ;OPAÑEL                            ;40.3869;-3.72313;metro               
est_4_109    ;USERA                             ;40.3871;-3.7069;metro               
est_4_113    ;CONDE DE CASAL                    ;40.40697;-3.67041;metro               
est_4_114    ;SAINZ DE BARANDA                  ;40.41507;-3.66951;metro               
est_4_115    ;ODONNELL                          ;40.42289;-3.6686;metro               
est_4_119    ;REPUBLICA ARGENTINA               ;40.44379;-3.68406;metro               
est_4_122    ;GUZMAN EL BUENO                   ;40.44637;-3.71229;metro               
est_4_123    ;VICENTE ALEIXANDRE                ;40.44644;-3.71943;metro               
est_4_124    ;CIUDAD UNIVERSITARIA              ;40.44356;-3.72678;metro               
est_4_128    ;PUERTA DEL ANGEL                  ;40.4139;-3.72724;metro               
est_4_129    ;ALTO DE EXTREMADURA               ;40.40993;-3.73894;metro               
est_4_130    ;LUCERO                            ;40.4051;-3.74534;metro               
est_4_259    ;ARGANZUELA-PLANETARIO             ;40.3931;-3.68864;metro               
par_4_132    ;LAS MUSAS                         ;40.43299;-3.60788;metro               
acc_4_132_346;Avda. de Niza impares             ;40.43256;-3.6079;metro               
acc_4_132_802;Avda. de Niza pares               ;40.4326;-3.60747;metro               
par_4_133    ;SAN BLAS                          ;40.42799;-3.61547;metro               
acc_4_133_347;Pobladura del Valle pares         ;40.42749;-3.61617;metro               
acc_4_133_348;Pobladura del Valle impares       ;40.42789;-3.61568;metro               
par_4_134    ;SIMANCAS                          ;40.42799;-3.62572;metro               
acc_4_134_349;Amposta                           ;40.42765;-3.62274;metro               
acc_4_134_350;Castillo de Uclés                 ;40.42786;-3.62581;metro               
par_4_135    ;GARCIA NOBLEJAS                   ;40.42842;-3.6333;metro               
acc_4_135_352;Hermanos García Noblejas          ;40.42917;-3.63203;metro               
par_4_136    ;ASCAO                             ;40.43021;-3.64106;metro               
acc_4_136_354;Ascao                             ;40.43017;-3.64115;metro               
par_4_137    ;PUEBLO NUEVO                      ;40.43566;-3.64282;metro               
par_4_138    ;BARRIO DE LA CONCEPCION           ;40.4391;-3.652;metro               
acc_4_138_109;Ascensor                          ;40.4396;-3.65213;metro               
acc_4_138_355;Martínez Villergas                ;40.43921;-3.65173;metro               
acc_4_138_356;Virgen del Romero                 ;40.43855;-3.65164;metro               
par_4_139    ;PARQUE DE LAS AVENIDAS            ;40.43945;-3.66297;metro               
acc_4_139_358;Avda. de Bruselas pares           ;40.43945;-3.66288;metro               
par_4_140    ;CARTAGENA                         ;40.43934;-3.67215;metro               
par_4_141    ;AVENIDA DE AMERICA                ;40.43804;-3.67653;metro               
par_4_142    ;GREGORIO MARAÑON                  ;40.43825;-3.69148;metro               
acc_4_142_361;Miguel Angel                      ;40.43792;-3.69138;metro               
par_4_143    ;ALONSO CANO                       ;40.43838;-3.69925;metro               
acc_4_143_365;José Abascal - Ponzano            ;40.43831;-3.69888;metro               
acc_4_143_366;Ascensor                          ;40.4383;-3.6992;metro               
par_4_144    ;CANAL                             ;40.4387;-3.70489;metro               
par_4_145    ;ISLAS FILIPINAS                   ;40.43907;-3.71373;metro               
acc_4_145_367;Cea Bermúdez pares - Gaztambide   ;40.43922;-3.71497;metro               
acc_4_145_368;Cea Bermúdez impares - Gaztambide ;40.439;-3.71498;metro               
acc_4_145_369;Ascensor                          ;40.43898;-3.71426;metro               
acc_4_145_370;Cea Bermúdez - Guzmán el Bueno    ;40.43915;-3.71306;metro               
acc_4_145_371;Cea Bermúdez impares - Guzmán el B;40.43897;-3.71302;metro               
par_4_146    ;GUZMAN EL BUENO                   ;40.44633;-3.71229;metro               
par_4_147    ;FRANCOS RODRIGUEZ                 ;40.45648;-3.71239;metro               
acc_4_147_372;Moguer                            ;40.45663;-3.7124;metro               
acc_4_147_373;Alejandro Rodríguez               ;40.45631;-3.71193;metro               
acc_4_147_376;Ascensor                          ;40.45655;-3.71195;metro               
par_4_148    ;VALDEZARZA                        ;40.46482;-3.71597;metro               
acc_4_148_378;Ascensor                          ;40.46499;-3.71658;metro               
acc_4_148_379;Emerenciana Zurilla               ;40.46493;-3.71498;metro               
acc_4_148_380;Armenteros                        ;40.46446;-3.71449;metro               
par_4_149    ;ANTONIO MACHADO                   ;40.47022;-3.71769;metro               
acc_4_149_381;Valderrodrigo - Valdesangil       ;40.47012;-3.71775;metro               
acc_4_149_382;Valderrodrigo                     ;40.46995;-3.71809;metro               
acc_4_149_383;Ascensor                          ;40.47026;-3.71788;metro               
par_4_150    ;PEÑAGRANDE                        ;40.47592;-3.71582;metro               
acc_4_150_385;Vereda de Ganapanes pares         ;40.47607;-3.71584;metro               
acc_4_150_386;Ascensor                          ;40.47585;-3.71613;metro               
par_4_151    ;AVENIDA DE LA ILUSTRACION         ;40.4801;-3.7184;metro               
acc_4_151_387;Islas Cíes                        ;40.48009;-3.71835;metro               
par_4_152    ;LACOMA                            ;40.48502;-3.72305;metro               
acc_4_152_390;Riscos de Polanco                 ;40.48517;-3.72289;metro               
acc_4_152_391;Ascensor                          ;40.48498;-3.72288;metro               
par_4_153    ;ARROYOFRESNO                      ;40.4909;-3.72604;metro               
acc_4_153_109;Ascensor                          ;40.49077;-3.72606;metro               
par_4_154    ;PITIS                             ;40.49511;-3.72589;metro               
acc_4_154_392;Camino de Peñagrande              ;40.49519;-3.72559;metro               
acc_4_154_394;Ascensor                          ;40.495;-3.72556;metro               
par_4_286    ;ESTADIO METROPOLITANO             ;40.43339;-3.60015;metro               
acc_4_286_710;Estadio Metropolitano             ;40.43384;-3.60102;metro               
par_4_287    ;BARRIO DEL PUERTO                 ;40.4225;-3.56919;metro               
acc_4_287_708;Avda. España                      ;40.4227;-3.56882;metro               
acc_4_287_709;Ascensor                          ;40.42273;-3.56895;metro               
par_4_288    ;COSLADA CENTRAL                   ;40.42374;-3.56119;metro               
acc_4_288_704;Correspondencia RENFE             ;40.42382;-3.56117;metro               
acc_4_288_706;Ascensor RENFE                    ;40.42373;-3.56083;metro               
acc_4_288_707;Ascensor                          ;40.42355;-3.562;metro               
par_4_289    ;LA RAMBLA                         ;40.42514;-3.54792;metro               
acc_4_289_701;Honduras                          ;40.42512;-3.54782;metro               
acc_4_289_702;Ascensor                          ;40.42519;-3.54798;metro               
par_4_290    ;SAN FERNANDO                      ;40.42441;-3.53541;metro               
acc_4_290_699;Gonzalo de Córdoba                ;40.42442;-3.53535;metro               
par_4_291    ;JARAMA                            ;40.42295;-3.52549;metro               
acc_4_291_697;Plaza de Guernica                 ;40.42286;-3.52543;metro               
acc_4_291_698;Ascensor                          ;40.42299;-3.52544;metro               
par_4_292    ;HENARES                           ;40.41777;-3.52718;metro               
acc_4_292_695;Algorta                           ;40.41779;-3.52709;metro               
acc_4_292_696;Ascensor                          ;40.41773;-3.52725;metro               
par_4_296    ;HOSPITAL DEL HENARES              ;40.41761;-3.53453;metro               
acc_4_296_761;Hospital del Henares              ;40.41756;-3.53442;metro               
est_4_132    ;LAS MUSAS                         ;40.43299;-3.60788;metro               
est_4_133    ;SAN BLAS                          ;40.42799;-3.61547;metro               
est_4_134    ;SIMANCAS                          ;40.42799;-3.62572;metro               
est_4_135    ;GARCIA NOBLEJAS                   ;40.42842;-3.6333;metro               
est_4_136    ;ASCAO                             ;40.43021;-3.64106;metro               
est_4_138    ;BARRIO DE LA CONCEPCION           ;40.4391;-3.652;metro               
est_4_139    ;PARQUE DE LAS AVENIDAS            ;40.43945;-3.66297;metro               
est_4_140    ;CARTAGENA                         ;40.43934;-3.67215;metro               
est_4_142    ;GREGORIO MARAÑON                  ;40.43825;-3.69148;metro               
est_4_143    ;ALONSO CANO                       ;40.43838;-3.69925;metro               
est_4_145    ;ISLAS FILIPINAS                   ;40.43907;-3.71373;metro               
est_4_147    ;FRANCOS RODRIGUEZ                 ;40.45648;-3.71239;metro               
est_4_148    ;VALDEZARZA                        ;40.46482;-3.71597;metro               
est_4_149    ;ANTONIO MACHADO                   ;40.47022;-3.71769;metro               
est_4_150    ;PEÑAGRANDE                        ;40.47592;-3.71582;metro               
est_4_151    ;AVENIDA DE LA ILUSTRACION         ;40.4801;-3.7184;metro               
est_4_152    ;LACOMA                            ;40.48502;-3.72305;metro               
est_4_153    ;ARROYOFRESNO                      ;40.4909;-3.72604;metro               
est_4_154    ;PITIS                             ;40.49511;-3.72589;metro               
est_4_286    ;ESTADIO METROPOLITANO             ;40.43339;-3.60015;metro               
est_4_287    ;BARRIO DEL PUERTO                 ;40.4225;-3.56919;metro               
est_4_288    ;COSLADA CENTRAL                   ;40.42374;-3.56119;metro               
est_4_289    ;LA RAMBLA                         ;40.42514;-3.54792;metro               
est_4_290    ;SAN FERNANDO                      ;40.42441;-3.53541;metro               
est_4_291    ;JARAMA                            ;40.42295;-3.52549;metro               
est_4_292    ;HENARES                           ;40.41777;-3.52718;metro               
est_4_296    ;HOSPITAL DEL HENARES              ;40.41761;-3.53453;metro               
par_4_155    ;NUEVOS MINISTERIOS                ;40.44655;-3.69241;metro               
par_4_156    ;COLOMBIA                          ;40.45634;-3.67682;metro               
acc_4_156_409;Príncipe de Vergara impares - Colo;40.4567;-3.67717;metro               
acc_4_156_410;Príncipe de Vergara pares - Colomb;40.45648;-3.67692;metro               
acc_4_156_411;Príncipe de Vergara impares - Pza.;40.45811;-3.67701;metro               
par_4_157    ;MAR DE CRISTAL                    ;40.46938;-3.63832;metro               
par_4_158    ;FERIA DE MADRID                   ;40.46389;-3.6162;metro               
acc_4_158_414;Avda. Capital de España-Madrid    ;40.46343;-3.61619;metro               
acc_4_158_415;Feria de Madrid pabellones impares;40.46405;-3.61681;metro               
acc_4_158_416;Feria de Madrid pabellones pares  ;40.46408;-3.6158;metro               
acc_4_158_417;Ascensor                          ;40.46419;-3.61594;metro               
par_4_159    ;AEROPUERTO T1-T2-T3               ;40.46864;-3.56954;metro               
acc_4_159_418;Terminales 123                    ;40.46824;-3.57099;metro               
acc_4_159_420;Ascensor                          ;40.46791;-3.57191;metro               
par_4_160    ;BARAJAS                           ;40.47577;-3.58253;metro               
acc_4_160_421;Avda. Logroño                     ;40.47576;-3.58255;metro               
acc_4_160_422;Ascensor                          ;40.4758;-3.58253;metro               
par_4_258    ;PINAR DEL REY                     ;40.468;-3.64867;metro               
acc_4_258_638;Ascensor                          ;40.46801;-3.64815;metro               
par_4_285    ;AEROPUERTO T-4                    ;40.49177;-3.59325;metro               
acc_4_285_694;Terminal T4                       ;40.49218;-3.59316;metro               
est_90_33    ;Aeropuerto T4                     ;40.49176;-3.59356;metro               
est_90_34    ;Aeropuerto T1 - T2 - T3           ;40.46864;-3.56965;metro               
est_4_156    ;COLOMBIA                          ;40.45634;-3.67682;metro               
est_4_158    ;FERIA DE MADRID                   ;40.46389;-3.6162;metro               
est_4_160    ;BARAJAS                           ;40.47577;-3.58253;metro               
est_4_258    ;PINAR DEL REY                     ;40.468;-3.64867;metro               
par_4_161    ;HERRERA ORIA                      ;40.48466;-3.70751;metro               
acc_4_161_424;Cardenal Herrera Oria             ;40.48531;-3.70847;metro               
par_4_162    ;BARRIO DEL PILAR                  ;40.47689;-3.70316;metro               
acc_4_162_425;Ginzo de Limia impares            ;40.47797;-3.704;metro               
acc_4_162_426;Ginzo de Limia pares              ;40.47807;-3.70354;metro               
acc_4_162_428;Ginzo de Limia pares              ;40.47632;-3.70294;metro               
par_4_163    ;VENTILLA                          ;40.46944;-3.69588;metro               
acc_4_163_430;Avda. Asturias pares              ;40.46972;-3.69571;metro               
par_4_164    ;PLAZA DE CASTILLA                 ;40.4669;-3.68913;metro               
par_4_165    ;DUQUE DE PASTRANA                 ;40.46763;-3.67917;metro               
acc_4_165_431;Mateo Inurria                     ;40.46746;-3.67929;metro               
par_4_166    ;PIO XII                           ;40.463;-3.67579;metro               
acc_4_166_432;Avda. de Pío XII                  ;40.46262;-3.67596;metro               
acc_4_166_433;Avda. de Pío XII                  ;40.46501;-3.67552;metro               
par_4_167    ;COLOMBIA                          ;40.45749;-3.67694;metro               
par_4_168    ;CONCHA ESPINA                     ;40.45145;-3.67738;metro               
acc_4_168_434;Plaza de Cataluña                 ;40.44943;-3.67767;metro               
par_4_169    ;CRUZ DEL RAYO                     ;40.44427;-3.67821;metro               
acc_4_169_436;Príncipe de Vergara pares         ;40.44626;-3.67803;metro               
acc_4_169_438;Príncipe de Vergara impares       ;40.44313;-3.67869;metro               
par_4_170    ;AVENIDA DE AMERICA                ;40.43804;-3.67647;metro               
par_4_171    ;NUÑEZ DE BALBOA                   ;40.43013;-3.67936;metro               
par_4_172    ;PRINCIPE DE VERGARA               ;40.42418;-3.68024;metro               
par_4_173    ;IBIZA                             ;40.41839;-3.67858;metro               
acc_4_173_440;Ibiza                             ;40.41836;-3.67803;metro               
par_4_174    ;SAINZ DE BARANDA                  ;40.41503;-3.66951;metro               
par_4_175    ;ESTRELLA                          ;40.41147;-3.66179;metro               
acc_4_175_443;Estrella Polar                    ;40.41177;-3.66342;metro               
par_4_176    ;VINATEROS                         ;40.41024;-3.65273;metro               
acc_4_176_444;Vinateros impares                 ;40.40993;-3.65013;metro               
acc_4_176_445;Corregidor José de Pasamonte      ;40.40951;-3.6499;metro               
acc_4_176_446;Vinateros pares                   ;40.41028;-3.6527;metro               
acc_4_176_447;Arroyo Belincoso                  ;40.41005;-3.65246;metro               
par_4_177    ;ARTILLEROS                        ;40.40522;-3.64181;metro               
acc_4_177_448;Vinateros impares                 ;40.40698;-3.64409;metro               
acc_4_177_450;Vinateros                         ;40.40538;-3.64149;metro               
acc_4_177_451;Pico de Artilleros                ;40.40505;-3.64161;metro               
par_4_178    ;PAVONES                           ;40.40051;-3.63512;metro               
acc_4_178_109;Ascensor                          ;40.40051;-3.63506;metro               
acc_4_178_452;Hacienda de Pavones impares       ;40.40084;-3.6355;metro               
par_4_179    ;VALDEBERNARDO                     ;40.40005;-3.62156;metro               
acc_4_179_454;Bulevar Indalecio Prieto - Raya   ;40.40098;-3.62116;metro               
acc_4_179_455;Ascensor                          ;40.4008;-3.62133;metro               
par_4_180    ;VICALVARO                         ;40.40422;-3.60886;metro               
acc_4_180_458;Pº Artilleros pares               ;40.40482;-3.60917;metro               
acc_4_180_459;Ascensor                          ;40.40433;-3.60924;metro               
par_4_181    ;SAN CIPRIANO                      ;40.40381;-3.60239;metro               
acc_4_181_460;San Cipriano pares                ;40.4039;-3.60483;metro               
acc_4_181_461;San Cipriano impares              ;40.40399;-3.6014;metro               
acc_4_181_462;Ascensor                          ;40.40385;-3.60367;metro               
par_4_182    ;PUERTA DE ARGANDA                 ;40.40132;-3.59598;metro               
acc_4_182_463;Terminal de Autobuses             ;40.4014;-3.59588;metro               
acc_4_182_465;Ascensor no acceso independiente  ;40.40133;-3.59584;metro               
par_4_183    ;RIVAS URBANIZACIONES              ;40.36677;-3.54728;metro               
acc_4_183_467;Pº Ferrocarril                    ;40.3674;-3.54841;metro               
par_4_184    ;RIVAS VACIAMADRID                 ;40.32837;-3.5206;metro               
acc_4_184_468;Wenceslao Garcia                  ;40.32845;-3.52035;metro               
par_4_185    ;LA POVEDA                         ;40.31902;-3.47745;metro               
par_4_186    ;ARGANDA DEL REY                   ;40.30367;-3.44752;metro               
acc_4_186_470;Pº de la Estación                 ;40.30353;-3.4475;metro               
par_4_300    ;RIVAS FUTURA                      ;40.34134;-3.52479;metro               
acc_4_300_815;Concepción Arenal                 ;40.34126;-3.52489;metro               
acc_4_300_816;Marie Curie                       ;40.34021;-3.52617;metro               
acc_4_300_817;Ascensor exterior                 ;40.34004;-3.52601;metro               
par_4_326    ;MIRASIERRA                        ;40.4911;-3.71634;metro               
par_4_345    ;PACO DE LUCIA                     ;40.49965;-3.70908;metro               
acc_4_345_107;Ascensor Exterior                 ;40.49962;-3.70924;metro               
est_4_161    ;HERRERA ORIA                      ;40.48466;-3.70751;metro               
est_4_162    ;BARRIO DEL PILAR                  ;40.47689;-3.70316;metro               
est_4_163    ;VENTILLA                          ;40.46944;-3.69588;metro               
est_4_165    ;DUQUE DE PASTRANA                 ;40.46763;-3.67917;metro               
est_4_166    ;PIO XII                           ;40.463;-3.67579;metro               
est_4_168    ;CONCHA ESPINA                     ;40.45145;-3.67738;metro               
est_4_169    ;CRUZ DEL RAYO                     ;40.44427;-3.67821;metro               
est_4_173    ;IBIZA                             ;40.41839;-3.67858;metro               
est_4_175    ;ESTRELLA                          ;40.41147;-3.66179;metro               
est_4_176    ;VINATEROS                         ;40.41024;-3.65273;metro               
est_4_177    ;ARTILLEROS                        ;40.40522;-3.64181;metro               
est_4_178    ;PAVONES                           ;40.40051;-3.63512;metro               
est_4_179    ;VALDEBERNARDO                     ;40.40005;-3.62156;metro               
est_4_180    ;VICALVARO                         ;40.40422;-3.60886;metro               
est_4_181    ;SAN CIPRIANO                      ;40.40381;-3.60239;metro               
est_4_182    ;PUERTA DE ARGANDA                 ;40.40132;-3.59598;metro               
est_4_183    ;RIVAS URBANIZACIONES              ;40.36677;-3.54728;metro               
est_4_184    ;RIVAS VACIAMADRID                 ;40.32837;-3.5206;metro               
est_4_185    ;LA POVEDA                         ;40.31902;-3.47745;metro               
est_4_186    ;ARGANDA DEL REY                   ;40.30367;-3.44752;metro               
est_4_300    ;RIVAS FUTURA                      ;40.34134;-3.52479;metro               
est_4_326    ;MIRASIERRA                        ;40.4911;-3.71634;metro               
est_4_345    ;PACO DE LUCIA                     ;40.49965;-3.70908;metro               
par_4_187    ;FUENCARRAL                        ;40.49509;-3.69283;metro               
par_4_188    ;BEGOÑA                            ;40.48041;-3.68585;metro               
acc_4_188_472;Cdad. Sanitaria La Paz            ;40.48023;-3.68589;metro               
acc_4_188_473;San Modesto                       ;40.48345;-3.68711;metro               
par_4_189    ;CHAMARTIN                         ;40.4721;-3.68259;metro               
par_4_190    ;PLAZA DE CASTILLA                 ;40.4669;-3.68909;metro               
par_4_191    ;CUZCO                             ;40.45842;-3.68985;metro               
acc_4_191_475;Paseo Castellana impares          ;40.45846;-3.69031;metro               
acc_4_191_476;Paseo Castellana pares            ;40.45846;-3.68965;metro               
par_4_192    ;SANTIAGO BERNABEU                 ;40.45159;-3.69038;metro               
acc_4_192_478;Paseo Castellana pares            ;40.45145;-3.69039;metro               
acc_4_192_479;Paseo Castellana impares          ;40.45383;-3.69076;metro               
acc_4_192_480;Paseo Castellana pares            ;40.45381;-3.69026;metro               
par_4_193    ;NUEVOS MINISTERIOS                ;40.44659;-3.69241;metro               
par_4_194    ;GREGORIO MARAÑON                  ;40.43753;-3.69127;metro               
par_4_195    ;ALONSO MARTINEZ                   ;40.42853;-3.69643;metro               
par_4_196    ;TRIBUNAL                          ;40.426;-3.70208;metro               
par_4_197    ;PLAZA DE ESPAÑA                   ;40.42409;-3.7097;metro               
par_4_198    ;PRINCIPE PIO                      ;40.42103;-3.72033;metro               
par_4_199    ;LAGO                              ;40.41641;-3.73563;metro               
par_4_200    ;BATAN                             ;40.40786;-3.75311;metro               
acc_4_200_482;Villamanín                        ;40.40766;-3.75288;metro               
par_4_201    ;CASA DE CAMPO                     ;40.40321;-3.76101;metro               
par_4_202    ;COLONIA JARDIN                    ;40.39698;-3.77462;metro               
acc_4_202_485;Crta. Carabanchel - Aravaca       ;40.39709;-3.77479;metro               
acc_4_202_486;Ascensor                          ;40.39718;-3.77421;metro               
par_4_203    ;CUATRO VIENTOS                    ;40.37771;-3.79152;metro               
acc_4_203_487;Pº de Extremadura                 ;40.37757;-3.7925;metro               
acc_4_203_488;Pº de los Húsares                 ;40.37841;-3.79249;metro               
acc_4_203_489;Ascensor nº2                      ;40.37758;-3.79246;metro               
acc_4_203_490;Ascensor nº1                      ;40.37822;-3.79274;metro               
par_4_204    ;JOAQUIN VILUMBRALES               ;40.34985;-3.8072;metro               
acc_4_204_492;Avenida de la Libertad impares    ;40.34982;-3.80768;metro               
par_4_205    ;PUERTA DEL SUR                    ;40.34524;-3.81211;metro               
acc_4_205_494;Avenida de la Libertad pares      ;40.34543;-3.81161;metro               
acc_4_205_495;Avenida de la Libertad impares    ;40.34599;-3.81153;metro               
acc_4_205_496;Ascensor                          ;40.34557;-3.81152;metro               
acc_4_205_497;Olímpico Francisco Fernández Ochoa;40.34474;-3.81292;metro               
par_4_257    ;AVIACION ESPAÑOLA                 ;40.38364;-3.78392;metro               
acc_4_257_635;Fuente de Lima                    ;40.38382;-3.78391;metro               
par_4_274    ;TRES OLIVOS                       ;40.5012;-3.6952;metro               
acc_4_274_693;Retablo de Melisendra             ;40.50108;-3.69474;metro               
par_4_275    ;MONTECARMELO                      ;40.50525;-3.69575;metro               
acc_4_275_691;Avda. Monasterio de Silos         ;40.50529;-3.69582;metro               
acc_4_275_692;Ascensor                          ;40.50528;-3.69584;metro               
par_4_276    ;LAS TABLAS                        ;40.50833;-3.66944;metro               
acc_4_276_689;Palas de Rey                      ;40.50843;-3.66936;metro               
acc_4_276_690;Ascensor                          ;40.50844;-3.66939;metro               
par_4_277    ;RONDA DE LA COMUNICACION          ;40.51553;-3.66277;metro               
acc_4_277_688;Ascensor                          ;40.51586;-3.66289;metro               
par_4_278    ;LA GRANJA                         ;40.5276;-3.65859;metro               
acc_4_278_686;Ascensor                          ;40.52772;-3.65855;metro               
par_4_279    ;LA MORALEJA                       ;40.53196;-3.63556;metro               
acc_4_279_683;Avda. Bruselas                    ;40.53187;-3.6355;metro               
acc_4_279_684;Ascensor                          ;40.53199;-3.63548;metro               
par_4_280    ;MARQUES DE LA VALDAVIA            ;40.54102;-3.63738;metro               
acc_4_280_681;Ascensor                          ;40.54107;-3.63755;metro               
par_4_281    ;MANUEL DE FALLA                   ;40.55048;-3.64688;metro               
par_4_282    ;BAUNATAL                          ;40.55442;-3.63513;metro               
acc_4_282_677;Ascensor                          ;40.55435;-3.6354;metro               
par_4_283    ;REYES CATOLICOS                   ;40.55037;-3.6234;metro               
acc_4_283_674;Avda. Plaza de Toros              ;40.55028;-3.62336;metro               
par_4_284    ;HOSPITAL INFANTA SOFIA            ;40.55977;-3.61145;metro               
acc_4_284_671;Poeta Rafael Morales              ;40.5602;-3.61143;metro               
acc_4_284_673;Ascensor                          ;40.5597;-3.61077;metro               
est_4_187    ;FUENCARRAL                        ;40.49509;-3.69283;metro               
est_4_188    ;BEGOÑA                            ;40.48041;-3.68585;metro               
est_4_191    ;CUZCO                             ;40.45842;-3.68985;metro               
est_4_192    ;SANTIAGO BERNABEU                 ;40.45159;-3.69038;metro               
est_4_199    ;LAGO                              ;40.41641;-3.73563;metro               
est_4_200    ;BATAN                             ;40.40786;-3.75311;metro               
est_4_202    ;COLONIA JARDIN                    ;40.39698;-3.77462;metro               
est_4_203    ;CUATRO VIENTOS                    ;40.37771;-3.79152;metro               
est_4_204    ;JOAQUIN VILUMBRALES               ;40.34985;-3.8072;metro               
est_4_205    ;PUERTA DEL SUR                    ;40.34524;-3.81211;metro               
est_4_257    ;AVIACION ESPAÑOLA                 ;40.38364;-3.78392;metro               
est_4_274    ;TRES OLIVOS                       ;40.5012;-3.6952;metro               
est_4_275    ;MONTECARMELO                      ;40.50525;-3.69575;metro               
est_4_276    ;LAS TABLAS                        ;40.50833;-3.66944;metro               
est_4_277    ;RONDA DE LA COMUNICACION          ;40.51553;-3.66277;metro               
est_4_278    ;LA GRANJA                         ;40.5276;-3.65859;metro               
est_4_279    ;LA MORALEJA                       ;40.53196;-3.63556;metro               
est_4_280    ;MARQUES DE LA VALDAVIA            ;40.54102;-3.63738;metro               
est_4_281    ;MANUEL DE FALLA                   ;40.55048;-3.64688;metro               
est_4_282    ;BAUNATAL                          ;40.55442;-3.63513;metro               
est_4_283    ;REYES CATOLICOS                   ;40.55037;-3.6234;metro               
est_4_284    ;HOSPITAL INFANTA SOFIA            ;40.55977;-3.61145;metro               
par_4_206    ;PLAZA ELIPTICA                    ;40.3846;-3.71825;metro               
par_4_207    ;ABRANTES                          ;40.38083;-3.7279;metro               
acc_4_207_499;Avda. de Abrantes pares           ;40.38104;-3.72809;metro               
acc_4_207_500;Ascensor                          ;40.38067;-3.72835;metro               
par_4_208    ;PAN BENDITO                       ;40.37587;-3.73417;metro               
acc_4_208_501;Avda. de Abrantes pares - Besolla ;40.37603;-3.73437;metro               
acc_4_208_502;Avda. de Abrantes impares - Besoll;40.37587;-3.73406;metro               
acc_4_208_503;Ascensor                          ;40.37587;-3.7346;metro               
par_4_254    ;SAN FRANCISCO                     ;40.3736;-3.7391;metro               
acc_4_254_628;Avda. Los Poblados impares        ;40.37385;-3.74005;metro               
par_4_255    ;CARABANCHEL ALTO                  ;40.372;-3.75191;metro               
acc_4_255_632;Ascensor                          ;40.3718;-3.75171;metro               
par_4_256    ;LA PESETA                         ;40.36422;-3.7569;metro               
acc_4_256_633;Avda. La Peseta                   ;40.36423;-3.75703;metro               
par_4_305    ;LA FORTUNA                        ;40.35795;-3.77783;metro               
acc_4_305_104;Ascensor Exterior                 ;40.35771;-3.77745;metro               
est_4_207    ;ABRANTES                          ;40.38083;-3.7279;metro               
est_4_208    ;PAN BENDITO                       ;40.37587;-3.73417;metro               
est_4_254    ;SAN FRANCISCO                     ;40.3736;-3.7391;metro               
est_4_255    ;CARABANCHEL ALTO                  ;40.372;-3.75191;metro               
est_4_256    ;LA PESETA                         ;40.36422;-3.7569;metro               
est_4_305    ;LA FORTUNA                        ;40.35795;-3.77783;metro               
par_4_209    ;PUERTA DEL SUR                    ;40.34543;-3.81249;metro               
par_4_210    ;PARQUE LISBOA                     ;40.34969;-3.8212;metro               
acc_4_210_504;Avda. de Leganés                  ;40.34985;-3.82151;metro               
acc_4_210_505;Ascensor                          ;40.34957;-3.82105;metro               
par_4_211    ;ALCORCON CENTRAL                  ;40.35008;-3.83178;metro               
acc_4_211_506;Avda. Móstoles-Navalcarnero       ;40.34991;-3.8315;metro               
acc_4_211_507;Avda. Móstoles-Bailén             ;40.34954;-3.83198;metro               
acc_4_211_508;Ascensor exterior                 ;40.34993;-3.83192;metro               
acc_4_211_509;Avda. Móstoles                    ;40.35002;-3.83192;metro               
acc_4_211_582;C/ Berlín Hospital                ;40.3499;-3.8325;metro               
par_4_212    ;PARQUE OESTE                      ;40.34589;-3.84934;metro               
par_4_213    ;UNIVERSIDAD REY JUAN CARLOS       ;40.33512;-3.87218;metro               
acc_4_213_513;Ascensor                          ;40.3348;-3.87213;metro               
par_4_214    ;MOSTOLES CENTRAL                  ;40.3285;-3.86354;metro               
acc_4_214_586;Goya                              ;40.32897;-3.86385;metro               
acc_4_214_587;Ascensor exterior RENFE 2         ;40.32891;-3.86368;metro               
par_4_215    ;PRADILLO                          ;40.32168;-3.86489;metro               
acc_4_215_516;Pza. de Pradillo                  ;40.3215;-3.86458;metro               
par_4_216    ;HOSPITAL DE MOSTOLES              ;40.31652;-3.87471;metro               
acc_4_216_518;Río Ebro - Río Sella              ;40.31636;-3.87464;metro               
acc_4_216_519;Ascensor                          ;40.31645;-3.87456;metro               
par_4_217    ;MANUELA MALASAÑA                  ;40.30903;-3.86402;metro               
par_4_218    ;LORANCA                           ;40.29681;-3.83768;metro               
acc_4_218_524;Ascensor                          ;40.29688;-3.83753;metro               
par_4_219    ;HOSPITAL DE FUENLABRADA           ;40.28576;-3.81642;metro               
acc_4_219_526;Cº del Molino - Universidad       ;40.28519;-3.81728;metro               
par_4_220    ;PARQUE EUROPA                     ;40.28518;-3.80632;metro               
acc_4_220_528;Francia                           ;40.28517;-3.80596;metro               
acc_4_220_529;Ascensor                          ;40.28529;-3.80644;metro               
par_4_221    ;FUENLABRADA CENTRAL               ;40.28268;-3.79891;metro               
acc_4_221_530;Pº de la Estación                 ;40.28267;-3.79885;metro               
par_4_222    ;PARQUE DE LOS ESTADOS             ;40.28684;-3.78697;metro               
acc_4_222_534;Ascensor                          ;40.2866;-3.787;metro               
par_4_223    ;ARROYO CULEBRO                    ;40.28874;-3.75682;metro               
acc_4_223_535;Las Ciencias                      ;40.28901;-3.75684;metro               
par_4_224    ;CONSERVATORIO                     ;40.29324;-3.74576;metro               
acc_4_224_537;Senda de Mafalda                  ;40.29345;-3.74621;metro               
acc_4_224_538;Ascensor                          ;40.29336;-3.74584;metro               
par_4_225    ;ALONSO DE MENDOZA                 ;40.30081;-3.73664;metro               
acc_4_225_539;Ferrocarril - El Greco            ;40.30077;-3.73628;metro               
acc_4_225_540;Ascensor                          ;40.30088;-3.73679;metro               
par_4_226    ;GETAFE CENTRAL                    ;40.30993;-3.73403;metro               
acc_4_226_543;Paseo del Ferrocarril             ;40.31;-3.73418;metro               
acc_4_226_544;Ramon y Cajal                     ;40.30997;-3.73386;metro               
acc_4_226_545;Ascensor exterior RENFE 1         ;40.30989;-3.73394;metro               
par_4_227    ;JUAN DE LA CIERVA                 ;40.3118;-3.72224;metro               
acc_4_227_546;Avda. de España pares             ;40.31165;-3.7224;metro               
acc_4_227_548;Ascensor                          ;40.31209;-3.72238;metro               
par_4_228    ;EL CASAR                          ;40.31862;-3.70985;metro               
acc_4_228_108;C. Gitanilla                      ;40.31818;-3.70925;metro               
acc_4_228_108;Ascensor                          ;40.31819;-3.70926;metro               
acc_4_228_550;Ascensor                          ;40.31841;-3.71005;metro               
par_4_229    ;LOS ESPARTALES                    ;40.32423;-3.7182;metro               
acc_4_229_551;Avda. de Rigoberta Menchú         ;40.32433;-3.71838;metro               
par_4_230    ;EL BERCIAL                        ;40.32907;-3.72963;metro               
par_4_231    ;EL CARRASCAL                      ;40.33664;-3.74018;metro               
acc_4_231_556;Avda. Rey Juan Carlos I impares   ;40.33686;-3.74026;metro               
par_4_232    ;JULIAN BESTEIRO                   ;40.33475;-3.75266;metro               
acc_4_232_558;Avda. Rey Juan Carlos I pares     ;40.33446;-3.75235;metro               
acc_4_232_559;Avda. Rey Juan Carlos I impares   ;40.33479;-3.75235;metro               
par_4_233    ;CASA DEL RELOJ                    ;40.3266;-3.75942;metro               
acc_4_233_562;Avda. de Gibraltar impares        ;40.32686;-3.75955;metro               
par_4_234    ;HOSPITAL SEVERO OCHOA             ;40.32177;-3.76797;metro               
acc_4_234_564;Avda. de Orellana                 ;40.32213;-3.76852;metro               
acc_4_234_566;Ascensor                          ;40.32183;-3.76865;metro               
par_4_235    ;LEGANES CENTRAL                   ;40.32899;-3.77154;metro               
acc_4_235_568;Ascensor                          ;40.3286;-3.77113;metro               
par_4_236    ;SAN NICASIO                       ;40.33616;-3.77587;metro               
est_4_210    ;PARQUE LISBOA                     ;40.34969;-3.8212;metro               
est_4_211    ;ALCORCON CENTRAL                  ;40.35008;-3.83178;metro               
est_4_212    ;PARQUE OESTE                      ;40.34589;-3.84934;metro               
est_4_213    ;UNIVERSIDAD REY JUAN CARLOS       ;40.33512;-3.87218;metro               
est_4_214    ;MOSTOLES CENTRAL                  ;40.3285;-3.86354;metro               
est_4_215    ;PRADILLO                          ;40.32168;-3.86489;metro               
est_4_216    ;HOSPITAL DE MOSTOLES              ;40.31652;-3.87471;metro               
est_4_217    ;MANUELA MALASAÑA                  ;40.30903;-3.86402;metro               
est_4_218    ;LORANCA                           ;40.29681;-3.83768;metro               
est_4_219    ;HOSPITAL DE FUENLABRADA           ;40.28576;-3.81642;metro               
est_4_220    ;PARQUE EUROPA                     ;40.28518;-3.80632;metro               
est_4_221    ;FUENLABRADA CENTRAL               ;40.28268;-3.79891;metro               
est_4_222    ;PARQUE DE LOS ESTADOS             ;40.28684;-3.78697;metro               
est_4_223    ;ARROYO CULEBRO                    ;40.28874;-3.75682;metro               
est_4_224    ;CONSERVATORIO                     ;40.29324;-3.74576;metro               
est_4_225    ;ALONSO DE MENDOZA                 ;40.30081;-3.73664;metro               
est_4_226    ;GETAFE CENTRAL                    ;40.30993;-3.73403;metro               
est_4_227    ;JUAN DE LA CIERVA                 ;40.3118;-3.72224;metro               
est_4_228    ;EL CASAR                          ;40.31862;-3.70985;metro               
est_4_229    ;LOS ESPARTALES                    ;40.32423;-3.7182;metro               
est_4_230    ;EL BERCIAL                        ;40.32907;-3.72963;metro               
est_4_231    ;EL CARRASCAL                      ;40.33664;-3.74018;metro               
est_4_232    ;JULIAN BESTEIRO                   ;40.33475;-3.75266;metro               
est_4_233    ;CASA DEL RELOJ                    ;40.3266;-3.75942;metro               
est_4_234    ;HOSPITAL SEVERO OCHOA             ;40.32177;-3.76797;metro               
est_4_235    ;LEGANES CENTRAL                   ;40.32899;-3.77154;metro               
est_4_236    ;SAN NICASIO                       ;40.33616;-3.77587;metro               
par_4_237    ;OPERA                             ;40.41809;-3.70928;metro               
par_4_238    ;PRINCIPE PIO                      ;40.42099;-3.72033;metro               
